{"cameraMode":{"drawMode":0,"name":"Shaded","section":"Shading Mode"},"sceneLighting":true,"audioPlay":false,"sceneViewState":{"showFog":true,"showMaterialUpdate":false,"showSkybox":true,"showFlares":true,"showImageEffects":true,"showParticleSystems":true},"in2DMode":false,"pivot":{"x":-9.552151679992676,"y":46.126060485839847,"z":0.029448509216308595},"rotation":{"x":0.3790372312068939,"y":0.2984202802181244,"z":-0.13059000670909882,"w":0.8661580681800842},"size":22.1026668548584,"orthographic":false}